Sample,Date,Tide,Well,Depth,DOC,TN,,UniqueID,CobleA,CobleB,CobleC,CobleM,CobleT,Fpeak,Stedmon_D,Optical_Brighteners,dieselBandII,Petroleum,Lignin,BIX,HIX,FI,M_to_C,JP5_empirical,JP5_normalized,Diesel_Chen,sample,run_name,UniqueID,W,D,tide
010322_H_MQ,10322,H,MQ,,0.699376389,0,,010322_H_MQ,0.000752782,0,0.001606375,0.000897299,0,0,2.06262E-05,0,0,0.000828921,0,0,0.738826614,5.804527237,1.790232599,0.030466966,0.0250967,0.451312418,Group008Sample0007,run2,010322_H_MQ,010322_H_MQ,010322_H_MQ,H
010322_H_SW,10322,H,Seawater,1,77.46426103,20.2117558,,010322_H_SW,0.04308455,0.018415797,0.038062096,0.048056745,0.022012555,0.008850834,0.016965774,0.028240947,0.012838048,0.049380201,0.04581244,0.775394473,4.462087372,1.562009298,0.792024021,1.220528759,0.02412167,11.96284795,Group008Sample0006,run2,010322_H_SW,010322_H_SW,010322_H_SW,H
010322_H_W1D1,10322,H,1,1,759.3385481,409.8663497,,010322_H_W1D1,0.595032977,0.109537642,0.480667321,0.769725802,0.446835331,0.155839652,0.477603353,0.484470851,0.481490757,1.757861898,1.481418051,1.368361755,14.63050118,1.030992932,0.624465647,18.06012717,0.011189612,413.8865845,Group002Sample0004,run2,010322_H_W1D1,W1,D1,H
010322_H_W1D2,10322,H,1,2,740.2305861,380.416158,,010322_H_W1D2,0.595027601,0.081586676,0.480991942,0.770120361,0.395411675,0.115429762,0.477081382,0.484945874,0.4807693,1.759884617,1.227243001,1.372654336,16.51412261,1.032869783,0.624567232,15.65275923,0.010001443,375.4674103,Group002Sample0005,run2,010322_H_W1D2,W1,D2,H
010322_H_W1D3,10322,H,1,3,563.7629364,169.124419,,010322_H_W1D3,0.535891739,0.054829415,0.444257481,0.678775338,0.23047158,0.05671089,0.457598967,0.451529318,0.452659655,1.499610123,0.773150822,1.285652056,16.36871018,1.02918873,0.65449856,9.504647262,0.008337946,251.5337755,Group002Sample0006,run2,010322_H_W1D3,W1,D3,H
010322_H_W1D4,10322,H,1,4,779.6953966,104.3875431,,010322_H_W1D4,0.609584728,0.119952334,0.490966535,0.789847742,0.486994068,0.100694873,0.48357721,0.493688321,0.486074417,1.845154136,1.716668149,1.378536881,13.98901136,1.032012276,0.621596427,20.18394911,0.011822507,471.7310095,Group002Sample0007,run2,010322_H_W1D4,W1,D4,H
010322_H_W2D1,10322,H,2,1,652.6836487,392.4104179,,010322_H_W2D1,0.565121318,0.076982489,0.462786427,0.72233847,0.334048189,0.070716182,0.468407604,0.468920049,0.474090204,1.609148887,1.197478663,1.355624777,16.20569894,1.031318295,0.640678083,13.70826129,0.009565286,343.5122016,Group003Sample0001,run2,010322_H_W2D1,W2,D1,H
010322_H_W2D2,10322,H,2,2,562.0144954,262.936666,,010322_H_W2D2,0.559019971,0.065691377,0.459401132,0.713724803,0.301554709,0.052172746,0.466559667,0.465766686,0.472318096,1.584045117,1.1207694,1.356767855,17.21089406,1.03089522,0.643667041,12.19057395,0.008830085,318.867439,Group003Sample0002,run2,010322_H_W2D2,W2,D2,H
010322_H_W2D3,10322,H,2,3,512.7836013,454.1130316,,010322_H_W2D3,0.511271113,0.03876378,0.429993596,0.639215777,0.156500801,0.02163383,0.399068877,0.439584768,0.295857102,1.003721633,0.577342036,0.95465589,16.38219314,1.027623632,0.672689273,6.469828734,0.007539946,172.4628561,Group003Sample0003,run2,010322_H_W2D3,W2,D3,H
010322_H_W3D1,10322,H,3,1,962.5583854,589.5839134,,010322_H_W3D1,0.53095371,0.049703461,0.441844107,0.670295982,0.240962257,0.021148358,0.457988323,0.450652882,0.465562236,1.450472407,0.873056388,1.211968043,16.29631329,1.028786099,0.659177616,9.474884104,0.008146414,255.1042134,Group003Sample0004,run2,010322_H_W3D1,W3,D1,H
010322_H_W3D2,10322,H,3,2,636.8396513,469.8554977,,010322_H_W3D2,0.532109836,0.048262232,0.442586795,0.671652132,0.235532202,0.044190971,0.457246507,0.450625521,0.464895471,1.458719057,0.90395296,1.293248695,17.42581787,1.028819323,0.658952416,9.327443088,0.007814621,265.9752084,Group003Sample0005,run2,010322_H_W3D2,W3,D2,H
010322_H_W3D3,10322,H,3,3,659.8191612,259.5275832,,010322_H_W3D3,0.524436619,0.045546791,0.437672051,0.659022517,0.198762644,0.03297043,0.45571046,0.446649714,0.463152598,1.426357265,0.774201315,1.216400238,18.07973223,1.02862794,0.664123061,8.047990606,0.00731325,236.7565908,Group003Sample0006,run2,010322_H_W3D3,W3,D3,H
010322_H_W3D4,10322,H,3,4,807.2710167,384.931854,,010322_H_W3D4,0.542360847,0.061093986,0.449307564,0.686796345,0.272887097,0.025450557,0.461930527,0.456812656,0.468576218,1.505475548,1.038617126,1.348636145,18.17013853,1.03073378,0.654207855,11.24256037,0.008540394,310.1031003,Group003Sample0007,run2,010322_H_W3D4,W3,D4,H
010322_H_W4D1,10322,H,4,1,80.82584695,37.91994783,,010322_H_W4D1,0.09365929,0.020045986,0.084785922,0.098047557,0.02866452,0,0.040057779,0.067826141,0.031856459,0.113399958,0.101321879,0.74895873,8.329601778,1.404097459,0.864742831,1.429817116,0.012761194,23.86337621,Group004Sample0001,run2,010322_H_W4D1,W4,D1,H
010322_H_W4D2,10322,H,4,2,80.5094624,33.02229171,,010322_H_W4D2,0.108315984,0.006733994,0.100843604,0.114076352,0.019036335,0.020848842,0.047665628,0.082976206,0.03659742,0.131471302,0.101153435,0.727006283,7.836626339,1.434073195,0.884000948,1.500265928,0.011610862,26.90664772,Group005Sample0003,run3,010322_H_W4D2,W4,D2,H
010322_H_W4D3,10322,H,4,3,91.10834506,62.45106509,,010322_H_W4D3,0.177638598,0.005874682,0.168124326,0.181907921,0.026364581,0.009765821,0.080474965,0.138162279,0.060536713,0.219256379,0.151854131,0.687340443,11.56643513,1.403280778,0.924227624,1.698794741,0.008127672,40.93928399,Group005Sample0004,run3,010322_H_W4D3,W4,D3,H
010322_H_W4D4,10322,H,4,4,118.9168824,102.9531105,,010322_H_W4D4,0.262719033,0.022437302,0.249296877,0.268200606,0.048920653,0,0.120079954,0.205160797,0.090639962,0.326763191,0.211860353,0.67046437,16.23670751,1.405718098,0.929516456,2.092772228,0.006786645,59.37886303,Group004Sample0002,run2,010322_H_W4D4,W4,D4,H
010322_L_W1D1,10322,L,1,1,714.1288601,351.5014243,,010322_L_W1D1,0.602852214,0.104107878,0.48460486,0.782937574,0.435945939,0.029712209,0.477950503,0.487538506,0.480987625,1.790159802,1.465818597,1.373317711,15.72268987,1.033973535,0.618957214,17.46469358,0.010507851,415.2354429,Group004Sample0003,run2,010322_L_W1D1,W1,D1,L
010322_L_W1D2,10322,L,1,2,630.328582,290.4592088,,010322_L_W1D2,0.578992523,0.07940436,0.469883858,0.745950052,0.369521498,0.046313253,0.469454325,0.474015962,0.474045555,1.694495991,1.08517202,1.366301429,16.60670297,1.03183524,0.629913299,14.40360599,0.009651857,347.2550375,Group004Sample0004,run2,010322_L_W1D2,W1,D2,L
010322_L_W1D3,10322,L,1,3,492.2017451,118.0738504,,010322_L_W1D3,0.527635407,0.052689667,0.43825485,0.665927087,0.207717857,0.014902874,0.45364579,0.446159464,0.442667536,1.437435075,0.707203865,1.214553897,17.06258276,1.029753033,0.658112366,8.554491338,0.007914505,229.4022751,Group004Sample0005,run2,010322_L_W1D3,W1,D3,L
010322_L_W1D4,10322,L,1,4,756.590998,89.87663047,,010322_L_W1D4,0.600338445,0.112874338,0.483885239,0.777572373,0.468765541,0.031997608,0.478411521,0.487174409,0.481030151,1.805556249,1.717402485,1.37599401,14.02628585,1.03286092,0.622302509,19.6736123,0.011483048,464.1050254,Group004Sample0006,run2,010322_L_W1D4,W1,D4,L
010322_L_W2D1,10322,L,2,1,648.6872122,331.2611108,,010322_L_W2D1,0.576933172,0.085379777,0.468735699,0.742629841,0.398578519,0.05144691,0.469561493,0.473764973,0.47398378,1.66978686,1.289464187,1.366242784,15.45028891,1.033119029,0.631183495,15.88802673,0.010376248,370.2689144,Group004Sample0007,run2,010322_L_W2D1,W2,D1,L
010322_L_W2D2,10322,L,2,2,504.6906092,198.0391527,,010322_L_W2D2,0.552775621,0.057794124,0.45465047,0.704078583,0.254582503,0.050230895,0.462779034,0.460994905,0.468637921,1.559897176,1.010850199,1.352463582,17.91769816,1.030936561,0.645738247,10.47786742,0.007885795,296.4825049,Group005Sample0001,run2,010322_L_W2D2,W2,D2,L
010322_L_W2D3,10322,L,2,3,305.8678928,84.31857611,,010322_L_W2D3,0.514498871,0.024139769,0.432921359,0.643389545,0.144315934,0.031174738,0.405644231,0.443062231,0.302566404,1.018295399,0.583586406,0.935572043,16.11805732,1.029395054,0.672875961,6.322772545,0.007309822,171.5398811,Group005Sample0005,run3,010322_L_W2D3,W2,D3,L
010322_L_W3D1,10322,L,3,1,289.5605585,80.30442574,,010322_L_W3D1,0.505556499,0.043887725,0.425089339,0.632656806,0.157971324,0.033050025,0.36284146,0.435435717,0.281651766,0.961979421,0.607441536,0.872256172,15.03535572,1.02788444,0.67191143,6.386414827,0.007680856,165.2928275,Group005Sample0002,run2,010322_L_W3D1,W3,D1,L
010322_L_W3D2,10322,L,3,2,324.5855779,197.7446508,,010322_L_W3D2,0.513933596,0.042082498,0.430301755,0.643850134,0.174841643,0.028842325,0.450285898,0.440374682,0.370609113,1.256690803,0.664362752,0.995586145,16.4038766,1.028105404,0.668325954,7.098386033,0.007251314,198.4541454,Group005Sample0003,run2,010322_L_W3D2,W3,D2,L
010322_L_W3D3,10322,L,3,3,404.3269751,202.9921395,,010322_L_W3D3,0.530677753,0.047479698,0.440776561,0.671784904,0.222676111,0.024062178,0.455941142,0.449150109,0.462820505,1.464593936,0.892732557,1.306481496,18.53531629,1.029281004,0.656127517,8.958500473,0.007435603,265.5892275,Group005Sample0004,run2,010322_L_W3D3,W3,D3,L
010322_L_W3D4,10322,L,3,4,384.8443471,79.40842597,,010322_L_W3D4,0.533272349,0.05508662,0.443166377,0.674289191,0.247235106,0.056392807,0.457081974,0.451319348,0.463984036,1.471752334,0.952399131,1.346981443,18.41057669,1.029405655,0.657234883,9.95829984,0.007956239,282.7175672,Group005Sample0005,run2,010322_L_W3D4,W3,D4,L
010322_L_W4D1,10322,L,4,1,90.2133098,28.66485325,,010322_L_W4D1,0.091190076,0.005493337,0.082295589,0.094847163,0.018823438,0,0.038771077,0.065735946,0.031725741,0.106981239,0.097750377,0.713239686,7.1519206,1.414441527,0.867665267,1.440584831,0.013397719,22.10790435,Group005Sample0006,run3,010322_L_W4D1,W4,D1,L
010322_L_W4D2,10322,L,4,2,88.0902029,26.20174631,,010322_L_W4D2,0.096389854,0.003835766,0.087566633,0.101828198,0.014914677,0,0.043280405,0.070124426,0.03458816,0.117604782,0.107554095,0.712359495,7.823635007,1.389721167,0.859944834,1.32202547,0.011409353,23.55373015,Group005Sample0007,run3,010322_L_W4D2,W4,D2,L
010322_L_W4D3,10322,L,4,3,89.54515557,64.53340187,,010322_L_W4D3,0.127247711,0.016180123,0.117282293,0.130403743,0.026528693,0,0.058778973,0.096467967,0.047002169,0.16296771,0.123049352,0.661958206,12.10437437,1.370606159,0.89937827,1.285595607,0.008391472,28.95158743,Group005Sample0006,run2,010322_L_W4D3,W4,D3,L
010322_L_W4D4,10322,L,4,4,86.23560658,55.26997794,,010322_L_W4D4,0.163550149,0.013009162,0.148899478,0.164087729,0.032002058,0,0.07608347,0.12201655,0.060454119,0.213899639,0.129013077,0.652517722,14.63930468,1.339505202,0.907438222,1.40716447,0.007189623,36.59093535,Group005Sample0007,run2,010322_L_W4D4,W4,D4,L
030322_H_MQ,30322,H,MQ,,3.501877493,0,,030322_H_MQ,0.002256476,0,0.002732129,0.001511307,0,0.006711814,0.000728668,0.000190646,0.000400759,0.00234775,0,0.340623298,2.129756008,2.17737161,1.807792036,0.016414075,0.009013338,0.423418847,Group008Sample0003,run2,030322_H_MQ,030322_H_MQ,030322_H_MQ,H
030322_H_SW,30322,H,Seawater,1,89.99752998,23.32217201,,030322_H_SW,0.044924376,0.019574276,0.039497391,0.049838358,0.023055096,0,0.017154652,0.028370325,0.012388881,0.049588584,0.037129208,0.756378942,4.461768836,1.540159179,0.792509887,1.283929906,0.024950973,12.15426233,Group008Sample0004,run2,030322_H_SW,030322_H_SW,030322_H_SW,H
030322_H_W1D1,30322,H,1,1,649.3584887,218.7346056,,030322_H_W1D1,0.594963644,0.078780895,0.482178317,0.767428072,0.325311939,0.059579997,0.479642569,0.486570557,0.48337406,1.742070835,1.267594739,1.36961113,18.22246803,1.033771158,0.628304247,13.42975499,0.008590744,376.4231876,Group006Sample0001,run2,030322_H_W1D1,W1,D1,H
030322_H_W1D2,30322,H,1,2,578.296852,214.0225749,,030322_H_W1D2,0.569858453,0.059913944,0.465907048,0.728752609,0.281136326,0.058535493,0.47048649,0.471692723,0.475489661,1.637656726,1.002616554,1.353393203,17.89425526,1.032464526,0.639321276,11.33782764,0.008283231,309.6480597,Group006Sample0002,run2,030322_H_W1D2,W1,D2,H
030322_H_W1D3,30322,H,1,3,323.1493585,74.00029986,,030322_H_W1D3,0.516512085,0.042049191,0.433154243,0.64668677,0.18153791,0.040588186,0.385997495,0.442893945,0.282808042,1.005348266,0.569590576,0.928402973,15.26198324,1.030469293,0.669805325,7.198807194,0.008377331,174.7448326,Group006Sample0003,run2,030322_H_W1D3,W1,D3,H
030322_H_W1D4,30322,H,1,4,383.9763711,42.97229183,,030322_H_W1D4,0.612217773,0.138003327,0.494464061,0.793011676,0.508588941,0.068101375,0.486379731,0.497886406,0.488161684,1.823961007,1.891588649,1.381091802,12.82054568,1.032761395,0.623526836,21.36961689,0.012005701,493.8816615,Group001Sample0004,run3,030322_H_W1D4,W1,D4,H
030322_H_W2D1,30322,H,2,1,261.8352802,170.5183948,,030322_H_W2D1,0.532865414,0.071761092,0.443919405,0.671788063,0.265091113,0.074250666,0.460663167,0.452929911,0.467909049,1.457557163,0.905562213,1.261191687,13.9315562,1.030358733,0.660802758,10.87469577,0.009567488,250.1035251,Group006Sample0004,run2,030322_H_W2D1,W2,D1,H
030322_H_W2D2,30322,H,2,2,254.4418727,129.0953615,,030322_H_W2D2,0.527989863,0.062663948,0.440484955,0.664509547,0.224757289,0.047320843,0.45631772,0.449269588,0.405228743,1.37766269,0.774948496,1.108979508,14.71189937,1.028777238,0.662872274,9.353905424,0.008893612,224.8204219,Group001Sample0005,run3,030322_H_W2D2,W2,D2,H
030322_H_W2D3,30322,H,2,3,187.5265388,77.47720734,,030322_H_W2D3,0.512408623,0.040716935,0.431015916,0.640804927,0.154635296,0.02766267,0.39161567,0.440683426,0.292004772,0.981253559,0.580600113,0.92049301,15.66571341,1.060447817,0.672616421,6.398834436,0.007644816,167.4313289,Group001Sample0006,run3,030322_H_W2D3,W2,D3,H
030322_H_W3D1,30322,H,3,1,192.197374,141.9677726,,030322_H_W3D1,0.515740091,0.052359826,0.433773758,0.645413912,0.21301078,0.032425528,0.443681909,0.443846382,0.34396923,1.161861483,0.649210141,0.951637046,13.76419243,1.028517305,0.67208616,8.404583351,0.008954382,190.3587807,Group001Sample0007,run3,030322_H_W3D1,W3,D1,H
030322_H_W3D2,30322,H,3,2,193.0466168,91.97741081,,030322_H_W3D2,0.526219065,0.041260709,0.440493112,0.661095671,0.184311218,0.043416856,0.457656963,0.449400574,0.415176252,1.420601449,0.717577161,1.045093522,18.01503749,1.030473609,0.666307665,7.420982723,0.007020998,219.5495378,Group002Sample0001,run3,030322_H_W3D2,W3,D2,H
030322_H_W3D3,30322,H,3,3,220.5470955,62.22736262,,030322_H_W3D3,0.52861678,0.045127273,0.440569127,0.664924184,0.208396323,0.033671818,0.456765349,0.449274851,0.461439891,1.44087605,0.803694095,1.195856992,18.59984719,1.029054271,0.662585506,8.228019233,0.007335113,245.936129,Group002Sample0002,run3,030322_H_W3D3,W3,D3,H
030322_H_W3D4,30322,H,3,4,210.6559151,30.67817544,,030322_H_W3D4,0.534722769,0.054268596,0.44548852,0.67445176,0.241952812,0.049821086,0.459326019,0.453819859,0.465687005,1.465194475,0.894841136,1.332583496,18.18342841,1.029861754,0.660519472,9.805578437,0.00806153,277.5812277,Group002Sample0003,run3,030322_H_W3D4,W3,D4,H
030322_H_W4D1,30322,H,4,1,75.9968195,26.02564011,,030322_H_W4D1,0.036451401,0.009166805,0.033995497,0.038826932,0.030276365,0.006495265,0.015703172,0.027583114,0.012665534,0.045263604,0.033731294,0.806062865,4.126831871,1.372056208,0.875564854,1.168324969,0.025766167,10.48483929,Group002Sample0004,run3,030322_H_W4D1,W4,D1,H
030322_H_W4D2,30322,H,4,2,78.22816322,31.51586979,,030322_H_W4D2,0.103022963,0.01821787,0.095512161,0.107227807,0.029706898,0.014139333,0.04579573,0.07710484,0.036264596,0.126157271,0.107396266,0.719709563,8.466831022,1.416370443,0.890740599,1.417874891,0.011609884,25.12566722,Group002Sample0005,run3,030322_H_W4D2,W4,D2,H
030322_H_W4D3,30322,H,4,3,84.24675498,32.56655743,,030322_H_W4D3,0.123791597,0.016391659,0.11392176,0.126661045,0.029517148,0.033383581,0.055948752,0.093426036,0.043681324,0.155910807,0.099820831,0.660054593,9.840609915,1.365747539,0.899422234,1.430851352,0.009751171,28.59136346,Group006Sample0005,run2,030322_H_W4D3,W4,D3,H
030322_H_W4D4,30322,H,4,4,83.19456818,39.9094719,,030322_H_W4D4,0.157606624,0.014296532,0.145630039,0.157778573,0.032576472,0.019563702,0.07192073,0.119728035,0.05530156,0.203314665,0.099688297,0.643035475,13.04828582,1.361353782,0.923002637,1.488226738,0.007977724,35.61983822,Group002Sample0006,run3,030322_H_W4D4,W4,D4,H
030322_L_MQ,30322,L,MQ,,9.433255347,0,,,,,,,,,,,,,,,,,,,,,,,,,,
030322_L_SW,30322,L,Seawater,1,79.2959611,16.31362134,,030322_L_SW,0.051010162,0.011980337,0.04580772,0.055099055,0.020921827,0,0.022013849,0.035277292,0.016907732,0.0617151,0.049337886,0.797872304,5.360318319,1.491032926,0.831370338,1.205906477,0.019752025,13.87377973,Group008Sample0005,run2,030322_L_SW,030322_L_SW,030322_L_SW,L
030322_L_W1D1,30322,L,1,1,580.3731256,183.3943755,,030322_L_W1D1,0.589221248,0.07054556,0.478905384,0.758836829,0.316368862,0.069515511,0.478010956,0.483557699,0.482100594,1.714482604,1.244013082,1.367720974,18.34749819,1.032687055,0.63110456,12.81006768,0.008328404,362.719866,Group006Sample0006,run2,030322_L_W1D1,W1,D1,L
030322_L_W1D2,30322,L,1,2,598.1073126,198.5478378,,030322_L_W1D2,0.581477214,0.057183467,0.473198166,0.746604818,0.280842852,0.082300952,0.47460811,0.478295327,0.478875662,1.685084432,0.965563608,1.367436672,18.91654978,1.033018854,0.633800044,11.2088869,0.007831665,317.8052569,Group006Sample0007,run2,030322_L_W1D2,W1,D2,L
030322_L_W1D3,30322,L,1,3,317.4200921,56.00891002,,030322_L_W1D3,0.507249206,0.035139995,0.4259401,0.635331323,0.141025552,0.040397657,0.408931883,0.434904546,0.303489881,1.003102144,0.528752108,0.90113455,17.76522759,1.030422288,0.670422006,5.932191918,0.007031731,165.0561998,Group007Sample0001,run2,030322_L_W1D3,W1,D3,L
030322_L_W1D4,30322,L,1,4,672.6658313,60.50675748,,030322_L_W1D4,0.588866366,0.115879018,0.476772598,0.761553779,0.463050839,0.084394931,0.47253507,0.479816169,0.474809385,1.751792992,1.740028519,1.376241615,13.55394156,1.033281043,0.626052435,19.57834849,0.011496294,463.425534,Group007Sample0002,run2,030322_L_W1D4,W1,D4,L
030322_L_W2D1,30322,L,2,1,475.3417786,277.6885348,,030322_L_W2D1,0.529437201,0.068992787,0.43821863,0.671549235,0.272900458,0.038769597,0.449930701,0.445051195,0.455850408,1.469463574,1.035395172,1.347223305,16.09501413,1.03149984,0.652548773,11.33033225,0.008988953,294.2721594,Group007Sample0003,run2,030322_L_W2D1,W2,D1,L
030322_L_W2D2,30322,L,2,2,366.2515507,186.3929405,,030322_L_W2D2,0.510030592,0.04801394,0.426417152,0.641113001,0.197621126,0.042488597,0.444659591,0.43495009,0.425616747,1.351566443,0.749041693,1.136426328,16.07202898,1.031265818,0.665120114,8.098413185,0.007878616,215.3139354,Group007Sample0004,run2,030322_L_W2D2,W2,D2,L
030322_L_W2D3,30322,L,2,3,298.31213,87.65447964,,030322_L_W2D3,0.50026223,0.047325863,0.420598275,0.625866405,0.176032606,0.022042701,0.429741327,0.429547213,0.320683084,1.033952333,0.563768467,0.965133658,15.84807343,1.030963422,0.672025645,7.23745496,0.008381093,172.686003,Group007Sample0005,run2,030322_L_W2D3,W2,D3,L
030322_L_W3D2,30322,L,3,2,309.4272191,175.4695967,,030322_L_W3D2,0.506163826,0.040594426,0.424626142,0.634871868,0.157066242,0.037854805,0.44391943,0.43331198,0.386638371,1.28237802,0.634524101,0.972134841,16.65235289,1.031244795,0.668837545,6.759504362,0.006923015,194.5290087,Group007Sample0006,run2,030322_L_W3D2,W3,D2,L
030322_L_W3D3,30322,L,3,3,433.1294179,121.1206066,,030322_L_W3D3,0.527972098,0.050140575,0.438063172,0.668908413,0.234851047,0.018920036,0.450234297,0.445023632,0.456252904,1.463544381,0.917016218,1.346369803,18.4871831,1.03219462,0.654892604,9.512594905,0.007719033,277.8230681,Group007Sample0007,run2,030322_L_W3D3,W3,D3,L
030322_L_W3D4,30322,L,3,4,350.8278035,54.24189852,,030322_L_W3D4,0.518952657,0.050961364,0.433284651,0.655404507,0.225290238,0.049631035,0.447303435,0.440349685,0.453590888,1.421542136,0.865222953,1.342692288,18.73679011,1.03116959,0.661095013,9.190095447,0.007663652,266.835761,Group008Sample0001,run2,030322_L_W3D4,W3,D4,L
030322_L_W4D1,30322,L,4,1,100.8631887,32.86641393,,030322_L_W4D1,0.105740151,0.018395291,0.100389295,0.111836401,0.032272363,0.00948495,0.049124506,0.08018231,0.038338774,0.124755926,0.10260231,0.757142335,9.020725113,1.417424371,0.897644185,1.519777656,0.012023362,25.90301837,Group008Sample0002,run2,030322_L_W4D1,W4,D1,L
030322_L_W4D3,30322,L,4,3,74.1776083,35.39020612,,030322_L_W4D3,0.114362897,0.012123023,0.110391113,0.117487898,0.024928747,0.004915104,0.055428981,0.090761794,0.044025828,0.149306912,0.093859982,0.692938383,12.14660357,1.34761169,0.939595609,1.209316547,0.008617832,26.86184964,Group002Sample0007,run3,030322_L_W4D3,W4,D3,L
111022_M_SW,111022,M,Seawater,1,95.99218475,24.09323157,,111022_M_SW,0.051746875,0.014427622,0.047624235,0.05793386,0.026697103,0,0.024561717,0.037850832,0.020742116,0.062609418,0.06397525,0.87283457,3.54428911,1.498860059,0.822044907,1.894925549,0.029484683,14.80708206,Group005Sample0002,run3,111022_M_SW,111022_M_SW,111022_M_SW,M
111022_M_W1D1,111022,M,1,1,544.2803084,445.39399,,111022_M_W1D1,0.545215756,0.091584774,0.451259243,0.692632978,0.3127546,0.077290229,0.461710235,0.457764492,0.468047354,1.528420341,1.136386483,1.346438821,16.11180772,1.029949234,0.651512788,12.98234916,0.009733429,323.8184763,Group009Sample0001,run2,111022_M_W1D1,W1,D1,M
111022_M_W1D2,111022,M,1,2,567.2598183,243.6869498,,111022_M_W1D2,0.536448828,0.073330413,0.445663256,0.677380906,0.29580393,0.055859568,0.459101505,0.453483908,0.465384843,1.497613945,0.975701849,1.343466514,16.25018377,1.028613053,0.657921196,12.1348578,0.009815979,303.7044889,Group003Sample0001,run3,111022_M_W1D2,W1,D2,M
111022_M_W1D3,111022,M,1,3,546.5335076,67.76578352,,111022_M_W1D3,0.558688059,0.107412608,0.460128412,0.710857686,0.384672303,0.074073983,0.467267912,0.466523645,0.472146869,1.583965766,1.356906195,1.355450849,14.47904712,1.029325307,0.647286259,16.01776708,0.010852189,383.2495366,Group003Sample0002,run3,111022_M_W1D3,W1,D3,M
111022_M_W1D4,111022,M,1,4,604.1696154,73.65046728,,111022_M_W1D4,0.577350042,0.113678391,0.471943929,0.739742133,0.425939355,0.079374618,0.473683882,0.476883928,0.477368122,1.673721058,1.565629093,1.366237387,14.06628732,1.031913294,0.637984384,17.75413705,0.011100861,427.5632746,Group003Sample0003,run3,111022_M_W1D4,W1,D4,M
111022_M_W1D5,111022,M,1,5,769.896842,89.72491736,,111022_M_W1D5,0.6104499,0.136787775,0.493102775,0.791534557,0.527160145,0.088902146,0.484655136,0.495776344,0.486262001,1.840823788,1.899254494,1.380364733,12.64299041,1.033270584,0.622970622,22.06513614,0.012282375,508.9638192,Group003Sample0004,run3,111022_M_W1D5,W1,D5,M
111022_M_W2D1,111022,M,2,1,544.0357348,308.2453397,,111022_M_W2D1,0.538601149,0.067721006,0.446348377,0.68191181,0.287841691,0.062432499,0.45834815,0.453346375,0.464336971,1.503944873,1.020251715,1.346118506,17.21603664,1.029715487,0.654554402,11.64986159,0.009096969,315.1935276,Group003Sample0005,run3,111022_M_W2D1,W2,D1,M
111022_M_W2D2,111022,M,2,2,402.7242376,132.4009224,,111022_M_W2D2,0.52170871,0.054058253,0.43611657,0.654629581,0.22942862,0.03003516,0.454722676,0.444935157,0.44350737,1.418282535,0.790962683,1.338262714,16.40212997,1.028127963,0.666203579,9.268976191,0.008588471,243.8081177,Group003Sample0006,run3,111022_M_W2D2,W2,D2,M
111022_M_W2D3,111022,M,2,3,305.9355408,48.82127839,,111022_M_W2D3,0.512448455,0.057130118,0.431267648,0.639844548,0.16626323,0.058137092,0.452204127,0.440722649,0.339033173,1.153106761,0.575106919,1.034562341,16.54125042,1.028502301,0.674019415,6.980976253,0.007531835,190.0856366,Group003Sample0007,run3,111022_M_W2D3,W2,D3,M
111022_M_W2D4,111022,M,2,4,401.9124614,59.62146687,,111022_M_W2D4,0.548271781,0.08551773,0.455272034,0.69343148,0.302178237,0.02552977,0.466305193,0.462910833,0.471882674,1.521091511,1.117967295,1.348109249,16.8008643,1.030437796,0.656549417,12.48283657,0.009268417,326.9669,Group004Sample0001,run3,111022_M_W2D4,W2,D4,M
111022_M_W3D1,111022,M,3,1,508.6298051,330.9487602,,111022_M_W3D1,0.545528513,0.074351236,0.452022496,0.691259342,0.316326999,0.033594604,0.463262483,0.458773343,0.468982321,1.521998978,1.217078368,1.34817862,16.99886246,1.031224425,0.65391159,12.76237131,0.009278575,344.5296796,Group004Sample0002,run3,111022_M_W3D1,W3,D1,M
111022_M_W3D2,111022,M,3,2,405.2844547,83.83487902,,111022_M_W3D2,0.533465729,0.070931488,0.445140159,0.67202812,0.272279656,0.046914663,0.459819892,0.453604606,0.466099756,1.458040951,0.988068976,1.343502001,16.46017071,1.029365841,0.662383233,11.21595976,0.009083536,288.5949647,Group004Sample0003,run3,111022_M_W3D2,W3,D2,M
111022_M_W3D3,111022,M,3,3,432.3852898,64.0443502,,111022_M_W3D3,0.543067515,0.078007267,0.45112109,0.685328103,0.28767332,0.050137535,0.464949116,0.459211568,0.470658038,1.495196258,1.040939544,1.346238055,17.12292239,1.02989402,0.658255642,11.97244195,0.009114713,312.1706939,Group004Sample0004,run3,111022_M_W3D3,W3,D3,M
111022_M_W3D4,111022,M,3,4,505.1953675,54.77021711,,111022_M_W3D4,0.576448929,0.105170798,0.472926632,0.736280173,0.398216954,0.070795651,0.475942374,0.47877058,0.479378195,1.641704212,1.496497007,1.36427355,14.61077446,1.031990646,0.642318848,16.69607651,0.010625803,406.2240671,Group004Sample0005,run3,111022_M_W3D4,W3,D4,M
111022_M_W4D1,111022,M,4,1,263.3485142,120.1924793,,111022_M_W4D1,0.510645741,0.052591959,0.43007987,0.636591671,0.206066641,0.013326807,0.411871261,0.440058266,0.309701541,1.103911616,0.841146493,1.163459378,14.14157208,1.028551034,0.675597702,8.296451177,0.008868017,214.373228,Group004Sample0006,run3,111022_M_W4D1,W4,D1,M
111022_M_W4D2,111022,M,4,2,290.1371277,111.4645134,,111022_M_W4D2,0.510149119,0.051982352,0.430218001,0.637346338,0.202024947,0.027396086,0.433507344,0.440357371,0.326392611,1.133085377,0.835748662,1.154552596,14.39427846,1.028704419,0.67501447,8.15848297,0.008620168,213.7516232,Group004Sample0007,run3,111022_M_W4D2,W4,D2,M
111022_M_W4D4,111022,M,4,4,293.2593438,107.502124,,111022_M_W4D4,0.516908234,0.042994007,0.434427749,0.646648978,0.205902727,0.040486002,0.455441402,0.444750759,0.369066428,1.300443957,0.874634465,1.242371359,14.56611709,1.029516342,0.671813865,8.751469924,0.00856364,234.2052204,Group005Sample0001,run3,111022_M_W4D4,W4,D4,M
141022_M_MQ,141022,M,MQ,,5.146244599,0.789622109,,141022_M_MQ,0.003792898,0,0.00370101,0.005163131,0.008914595,0.010721448,0.002297883,0.002948683,0.001353077,0.006300067,0.009289586,0.850966684,1.209664935,1.462322701,0.716814945,0.552110278,0.071573562,2.917076767,Group008Sample0004,run3,141022_M_MQ,141022_M_MQ,141022_M_MQ,M
141022_M_SW,141022,M,Seawater,1,96.35366798,24.79051692,,141022_M_SW,0.05163035,0.032618578,0.043615401,0.070289433,0.065805891,0.01865045,0.021918183,0.03352262,0.018164407,0.056752937,0.065170692,0.921856196,2.521852197,1.583866646,0.620511485,3.130284492,0.048576568,16.85502709,Group008Sample0003,run3,141022_M_SW,141022_M_SW,141022_M_SW,M
141022_M_W1D1,141022,M,1,1,522.3051113,439.5931947,,141022_M_W1D1,0.55328192,0.071561342,0.457096679,0.701795932,0.250142063,0.081071209,0.4671163,0.464361976,0.472772025,1.540547996,0.965177411,1.347964482,16.1404863,1.029685386,0.651324207,11.12439499,0.008714673,289.265594,Group006Sample0001,run3,141022_M_W1D1,W1,D1,M
141022_M_W1D2,141022,M,1,2,590.6191979,240.456353,,141022_M_W1D2,0.539884914,0.05519404,0.447473847,0.682538493,0.286059117,0.044794412,0.459671965,0.454671057,0.465654778,1.510976401,0.995051122,1.346383445,16.95154042,1.029269209,0.65560236,12.00132777,0.009457605,312.5921033,Group006Sample0002,run3,141022_M_W1D2,W1,D2,M
141022_M_W1D3,141022,M,1,3,524.9902171,68.01744879,,141022_M_W1D3,0.553026165,0.07611878,0.457102323,0.701760966,0.336788806,0.023460729,0.466352526,0.464033672,0.471551069,1.558073849,1.226650845,1.350959296,15.65801339,1.030644341,0.651364702,14.51397276,0.010301723,356.4241896,Group006Sample0003,run3,141022_M_W1D3,W1,D3,M
141022_M_W1D4,141022,M,1,4,736.8013521,75.36928756,,141022_M_W1D4,0.578957259,0.094127935,0.473182135,0.741321464,0.419450968,0.047203161,0.475796528,0.478988258,0.479650911,1.675944635,1.579141519,1.362023669,13.94341299,1.030359267,0.638295474,17.68249784,0.011023345,427.6386481,Group006Sample0004,run3,141022_M_W1D4,W1,D4,M
141022_M_W1D5,141022,M,1,5,734.3035793,88.01145166,,141022_M_W1D5,0.598491299,0.109189323,0.485139517,0.772242243,0.4807219,0.089296258,0.481066286,0.488702699,0.483511467,1.782845543,1.815278056,1.374243666,12.97839781,1.032007368,0.628221935,20.47873013,0.011870202,483.4832104,Group006Sample0005,run3,141022_M_W1D5,W1,D5,M
141022_M_W2D1,141022,M,2,1,524.2408852,318.0442217,,141022_M_W2D1,0.545116143,0.056369445,0.451193448,0.690406932,0.277557582,0.048574547,0.463452681,0.458199249,0.469138228,1.529198759,1.025336615,1.348383088,17.7003408,1.02879114,0.65351813,11.6322786,0.008802455,321.4320088,Group006Sample0006,run3,141022_M_W2D1,W2,D1,M
141022_M_W2D2,141022,M,2,2,375.6816838,139.6760122,,141022_M_W2D2,0.528508264,0.044661969,0.440962338,0.66501232,0.233678554,0.023026354,0.456925448,0.449140794,0.463940909,1.453595202,0.842182297,1.338587004,16.73371714,1.027940002,0.663088976,9.904710492,0.008625929,267.2397975,Group006Sample0007,run3,141022_M_W2D2,W2,D2,M
141022_M_W2D3,141022,M,2,3,307.4342045,60.20511612,,141022_M_W2D3,0.520180161,0.043837482,0.437469206,0.650934517,0.185441678,0.000343627,0.458251084,0.447487801,0.378764362,1.249787774,0.660727124,1.120663179,16.6883893,1.029314072,0.67206331,7.664798897,0.007779805,206.3458607,Group007Sample0001,run3,141022_M_W2D3,W2,D3,M
141022_M_W2D4,141022,M,2,4,462.7332295,65.14203917,,141022_M_W2D4,0.555157306,0.082596752,0.459571066,0.703547439,0.326853196,0.072415145,0.469530381,0.467169309,0.474581925,1.548972608,1.183542757,1.349674081,16.59778887,1.031042633,0.653219726,13.44080785,0.009614749,344.3177231,Group007Sample0002,run3,141022_M_W2D4,W2,D4,M
141022_M_W3D1,141022,M,3,1,539.789521,348.3511462,,141022_M_W3D1,0.563603407,0.071203315,0.463327384,0.718681527,0.33617144,0.069088764,0.469998664,0.469861162,0.474645763,1.595954908,1.346813061,1.354820185,17.04212044,1.031240934,0.644690821,13.53618786,0.009032284,381.3388308,Group007Sample0003,run3,141022_M_W3D1,W3,D1,M
141022_M_W3D2,141022,M,3,2,450.6190314,177.7542176,,141022_M_W3D2,0.539396103,0.067596052,0.44876597,0.681216492,0.288791785,0.059221574,0.462858715,0.457034998,0.468860999,1.488123191,1.066101259,1.345619594,16.34842059,1.030221164,0.658771441,11.89681505,0.009228773,307.8654035,Group007Sample0004,run3,141022_M_W3D2,W3,D2,M
141022_M_W3D3,141022,M,3,3,481.52897,130.0984529,,141022_M_W3D3,0.552230457,0.073510065,0.457294752,0.699880625,0.317604565,0.067455004,0.467600156,0.465312711,0.47280609,1.543396043,1.139277246,1.350157028,17.10697096,1.031329669,0.653389643,13.01779255,0.009370104,337.5060382,Group007Sample0005,run3,141022_M_W3D3,W3,D3,M
141022_M_W3D4,141022,M,3,4,535.6681959,70.12715343,,141022_M_W3D4,0.580709468,0.098834046,0.475332095,0.74274187,0.406725317,0.070001792,0.478252081,0.481162762,0.482121151,1.662772859,1.523142999,1.363716628,14.65645854,1.032178962,0.639969436,17.00328291,0.010692279,412.7923231,Group007Sample0006,run3,141022_M_W3D4,W3,D4,M
141022_M_W4D1,141022,M,4,1,296.9435587,129.1881742,,141022_M_W4D1,0.513392469,0.046953912,0.4321426,0.641218607,0.210568203,0.037728497,0.454746611,0.442716959,0.346594889,1.198157618,0.847089579,1.201141861,14.71296282,1.028947427,0.673939581,8.553217531,0.008740186,223.1885379,Group007Sample0007,run3,141022_M_W4D1,W4,D1,M
141022_M_W4D2,141022,M,4,2,292.7597892,106.0563873,,141022_M_W4D2,0.518290425,0.053093872,0.436654019,0.647775523,0.220458033,0.034569464,0.458260051,0.446752444,0.36413711,1.239846756,0.902726067,1.216362061,14.70018548,1.030079914,0.674082307,8.787796053,0.008755772,228.6057414,Group008Sample0001,run3,141022_M_W4D2,W4,D2,M
141022_M_W4D4,141022,M,4,4,289.1067964,125.5946559,,141022_M_W4D4,0.522795347,0.052874877,0.439734342,0.655159253,0.236983489,0.061677075,0.460180262,0.44947589,0.433440952,1.399255437,0.933654304,1.322606648,15.13769964,1.030158816,0.671186952,9.471015651,0.008673003,250.935114,Group008Sample0002,run3,141022_M_W4D4,W4,D4,M
171022_M_MQ,171022,M,MQ,,2.748382692,0,,171022_M_MQ,0.002194507,0.002062775,0.001777162,0.003216405,0.001515224,0.025798766,0.000440065,0.001793536,0.00050729,0.002419422,0.025770881,0.318843955,0.909863149,1.608767232,0.552530619,0.136180528,0.042518129,1.103113997,Group001Sample0007,run4,171022_M_MQ,171022_M_MQ,171022_M_MQ,M
171022_M_SW,171022,M,Seawater,1,98.10210895,23.44830212,,171022_M_SW,0.054368685,0.029736224,0.04854205,0.061109353,0.054956603,0.027501149,0.027995589,0.038249808,0.028323654,0.066445263,0.086720873,0.844230356,2.888965981,1.51085126,0.794347303,2.479992925,0.035566751,16.84689376,Group001Sample0006,run4,171022_M_SW,171022_M_SW,171022_M_SW,M
171022_M_W1D1,171022,M,1,1,440.5550884,469.073134,,171022_M_W1D1,0.551827409,0.06388313,0.45679533,0.699237371,0.242247163,0.061687901,0.468578001,0.464977286,0.474585077,1.530883136,0.939597585,1.341592229,17.55975811,1.03144419,0.653276482,10.07925696,0.007990216,277.6850379,Group008Sample0005,run3,171022_M_W1D1,W1,D1,M
171022_M_W1D2,171022,M,1,2,542.5474785,266.8484844,,171022_M_W1D2,0.544239622,0.065902251,0.451587903,0.687959391,0.293854749,0.036145377,0.464447112,0.458843644,0.470437682,1.525026712,0.950610673,1.345446096,17.04207039,1.030957004,0.656416511,12.02657235,0.00940166,310.8314665,Group008Sample0006,run3,171022_M_W1D2,W1,D2,M
171022_M_W1D3,171022,M,1,3,500.0853406,77.40343312,,171022_M_W1D3,0.549435086,0.08568198,0.455571696,0.695866424,0.329818995,0.078102956,0.467493172,0.463166537,0.473400586,1.541146515,1.14520916,1.347714882,16.07517993,1.03113341,0.654682681,13.67692221,0.010088,334.369838,Group008Sample0007,run3,171022_M_W1D3,W1,D3,M
171022_M_W1D4,171022,M,1,4,504.2482953,57.8770636,,171022_M_W1D4,0.545780026,0.093815144,0.450001376,0.693773702,0.36007153,0.041700826,0.457863055,0.456796001,0.463192077,1.54699937,1.318022662,1.353084587,15.37336569,1.032567332,0.648628473,14.92781306,0.010449241,366.5852952,Group009Sample0001,run3,171022_M_W1D4,W1,D4,M
171022_M_W1D5,171022,M,1,5,667.4361195,75.261601,,171022_M_W1D5,0.582699713,0.12282892,0.472656068,0.751880493,0.480656127,0.084646728,0.469902629,0.477368997,0.472352317,1.734990339,1.767330942,1.37203259,13.2540312,1.032793906,0.628631907,19.94876046,0.011840835,464.5702412,Group009Sample0002,run3,171022_M_W1D5,W1,D5,M
171022_M_W2D1,171022,M,2,1,526.3119552,320.8940483,,171022_M_W2D1,0.527808013,0.069217097,0.437714204,0.66817526,0.276518501,0.066643187,0.449841896,0.445007426,0.455984645,1.476624538,0.944857108,1.348111369,17.58761411,1.030380781,0.655088911,11.19872246,0.00899279,298.9703356,Group009Sample0003,run3,171022_M_W2D1,W2,D1,M
171022_M_W2D2,171022,M,2,2,441.8039748,196.1680244,,171022_M_W2D2,0.516235601,0.055921035,0.430877522,0.649755206,0.239065792,0.056461496,0.446672159,0.438699244,0.453698488,1.418601505,0.871148117,1.341086198,17.14638447,1.028690006,0.663138238,9.728424983,0.008618846,260.0661271,Group009Sample0004,run3,171022_M_W2D2,W2,D2,M
171022_M_W2D3,171022,M,2,3,301.554031,64.19546836,,171022_M_W2D3,0.504422108,0.046582044,0.424247439,0.632041108,0.181530138,0.041504975,0.443718325,0.433502985,0.393366972,1.253838423,0.653861266,1.133248403,17.55673438,1.029990434,0.671233933,7.325738746,0.007547301,200.7526624,Group009Sample0005,run3,171022_M_W2D3,W2,D3,M
171022_M_W2D4,171022,M,2,4,440.5550884,80.6161813,,171022_M_W2D4,0.543785113,0.084097302,0.449576225,0.690692962,0.32292859,0.081464758,0.458355228,0.456610921,0.463543877,1.526535488,1.188512673,1.353259856,16.49336764,1.031563039,0.650906047,13.44851659,0.009595918,342.9353076,Group009Sample0006,run3,171022_M_W2D4,W2,D4,M
171022_M_W3D1,171022,M,3,1,512.5742047,386.6125973,,171022_M_W3D1,0.551831045,0.076272827,0.453550563,0.705625573,0.335281315,0.104775137,0.458419133,0.459365285,0.463117425,1.568502608,1.3076279,1.358355724,17.33989921,1.032428795,0.642763783,13.14575007,0.008891989,371.3446055,Group009Sample0007,run3,171022_M_W3D1,W3,D1,M
171022_M_W3D2,171022,M,3,2,484.2661127,265.3135047,,171022_M_W3D2,0.528928566,0.070381561,0.438553828,0.669777937,0.289891534,0.076761311,0.449365063,0.445870802,0.455239157,1.473956761,1.101496086,1.34848329,17.93957642,1.030765044,0.654774968,11.82692645,0.008997129,321.7659544,Group010Sample0001,run3,171022_M_W3D2,W3,D2,M
171022_M_W3D3,171022,M,3,3,475.5239078,167.5031711,,171022_M_W3D3,0.555995597,0.106501519,0.460065791,0.706928566,0.537425949,0.149548543,0.465686993,0.468453267,0.470684743,1.566429832,1.541735063,1.352462865,10.92315091,1.031938116,0.650795303,20.57344469,0.013930466,391.6163983,Group001Sample0001,run4,171022_M_W3D3,W3,D3,M
171022_M_W3D4,171022,M,3,4,508.8275454,83.50765467,,171022_M_W3D4,0.57955927,0.096410138,0.474870921,0.742957854,0.42746217,0.074432982,0.474895919,0.482640225,0.478469305,1.66220449,1.618195056,1.362861532,13.9895127,1.031584027,0.639162664,17.55543224,0.010869152,428.2988485,Group001Sample0002,run4,171022_M_W3D4,W3,D4,M
171022_M_W4D1,171022,M,4,1,276.6595619,134.4832592,,171022_M_W4D1,0.510446155,0.049729329,0.430332147,0.638180785,0.226065248,0.051295346,0.44939916,0.441145674,0.345603895,1.268545875,0.944075899,1.263009254,14.61955724,1.028461097,0.674310725,9.063481699,0.009026425,237.2513411,Group001Sample0003,run4,171022_M_W4D1,W4,D1,M
171022_M_W4D2,171022,M,4,2,263.8376614,101.9274109,,171022_M_W4D2,0.511613693,0.053311027,0.431537153,0.639722056,0.228620147,0.048431829,0.450995491,0.442321774,0.381886775,1.336819521,0.971720506,1.306226553,14.69691748,1.028680922,0.674569759,9.268260617,0.008968985,244.3048453,Group001Sample0004,run4,171022_M_W4D2,W4,D2,M
171022_M_W4D4,171022,M,4,4,305.6337266,145.4779974,,171022_M_W4D4,0.51912193,0.056008246,0.435893442,0.651432202,0.255735937,0.052475188,0.452673878,0.446032291,0.459974319,1.397985756,1.008538354,1.335680181,15.49377079,1.029065454,0.669130941,10.30439097,0.009074881,271.8846852,Group001Sample0005,run4,171022_M_W4D4,W4,D4,M
230222_L_MQ,230222,L,MQ,,1.52364142,0.0778199,,230222_L_MQ,0.00061136,0.001280038,0.000352158,0.001418911,0,0,0.000637718,0.000753521,0.00112462,0.001227903,0.009456568,1.268741139,1.540488609,0.188377244,0.248188602,0.045303601,0.02642907,0.776675372,Group002Sample0004,run1,230222_L_MQ,230222_L_MQ,230222_L_MQ,L
230222_L_W1D2,230222,L,1,2,806.9379803,345.522143,,230222_L_W1D2,0.628546881,0.124625355,0.502790623,0.819876384,0.590772783,0.103329672,0.490666805,0.505910631,0.492144552,1.906118447,1.524403552,1.380939622,12.90067735,1.03400175,0.613251745,22.78526658,0.013190216,437.6695388,Group001Sample0001,run1,230222_L_W1D2,W1,D2,L
230222_L_W1D3,230222,L,1,3,512.7836013,454.1130316,,230222_L_W1D3,0.54205296,0.061132094,0.448750606,0.687246518,0.263375761,0.085838095,0.461304901,0.456989836,0.467646348,1.519306619,0.915413218,1.344163844,16.76798093,1.030520901,0.652968905,10.85459083,0.008853021,288.1960275,Group001Sample0002,run1,230222_L_W1D3,W1,D3,L
230222_L_W2D2,230222,L,2,2,962.5583854,589.5839134,,230222_L_W2D2,0.585644547,0.217893056,0.476037232,0.753573646,0.581831272,0.139749214,0.476495751,0.4822204,0.480501709,1.714830019,1.725211765,1.365122415,10.34116148,1.03122295,0.631706316,25.58799185,0.015857941,443.3870902,Group001Sample0003,run1,230222_L_W2D2,W2,D2,L
230222_L_W2D3,230222,L,2,3,636.8396513,469.8554977,,230222_L_W2D3,0.56915032,0.076494393,0.465465878,0.728102349,0.310388194,0.071928621,0.470708151,0.472543873,0.475770372,1.639739572,1.118218895,1.357235736,17.76436664,1.030210203,0.639286328,12.88923327,0.008930997,351.3838433,Group001Sample0004,run1,230222_L_W2D3,W2,D3,L
230222_L_W3D2,230222,L,3,2,659.8191612,259.5275832,,230222_L_W3D2,0.593420146,0.078466251,0.481030302,0.765250862,0.350517784,0.035139162,0.478678964,0.486291889,0.482857498,1.731880382,1.382857673,1.368287718,17.47046041,1.032605097,0.62859165,14.25685883,0.008762914,412.6184723,Group001Sample0005,run1,230222_L_W3D2,W3,D2,L
230222_L_W3D3,230222,L,3,3,807.2710167,384.931854,,230222_L_W3D3,0.651305011,0.086340579,0.516925895,0.855918857,0.409127069,0.058002268,0.498180939,0.518566379,0.499014788,2.011452199,1.530835813,1.393407479,18.01128836,1.03378992,0.603942641,16.63122658,0.008853361,488.8103765,Group001Sample0006,run1,230222_L_W3D3,W3,D3,L
230222_L_W3D4,230222,L,3,4,426.1941436,189.0613064,,230222_L_W3D4,0.546143514,0.067810891,0.451972272,0.692046715,0.296733394,0.047712328,0.46391601,0.460476331,0.470502477,1.520182159,1.072822477,1.348309192,17.2528038,1.029862383,0.653095033,11.94900777,0.009006809,317.0747863,Group001Sample0007,run1,230222_L_W3D4,W3,D4,L
230222_L_W4D2,230222,L,4,2,110.2258819,113.6663168,,230222_L_W4D2,0.216686955,0.028944324,0.209476272,0.231290149,0.095569147,0.003465946,0.095677137,0.174637359,0.068957295,0.258399399,0.273263857,0.745059292,7.425763647,1.485076431,0.905686096,3.82314692,0.014895535,56.46898881,Group002Sample0001,run1,230222_L_W4D2,W4,D2,L
230222_L_W4D3,230222,L,4,3,159.1822292,158.4306082,,230222_L_W4D3,0.428457442,0.024514473,0.417148294,0.441071592,0.096671295,0.022991172,0.197496399,0.345227567,0.143525264,0.530552883,0.377776122,0.69300665,13.30269908,1.442161895,0.945760964,3.986550353,0.007992738,98.77600738,Group002Sample0002,run1,230222_L_W4D3,W4,D3,L
230222_L_W4D4,230222,L,4,4,218.7957405,232.0050404,,230222_L_W4D4,0.51049351,0.037116326,0.430804313,0.635956883,0.143634272,0.013625778,0.297511971,0.441950023,0.217555871,0.784142206,0.539077504,0.761321049,13.73662376,1.34142302,0.677411195,5.858735222,0.008217239,143.2552772,Group002Sample0003,run1,230222_L_W4D4,W4,D4,L
240222_H_MQ,240222,H,MQ,,1.905800661,0.0778199,,240222_H_MQ,0.006290858,0.008416273,0.006016651,0.006628735,0.007898501,0,0.003040871,0.005249859,0.001708008,0.007496676,0.025051526,0.527905883,1.447426679,1.69055763,0.907662122,0.431262867,0.055903999,2.19448721,Group004Sample0002,run1,240222_H_MQ,240222_H_MQ,240222_H_MQ,H
240222_H_W1D2,240222,H,1,2,718.8498589,348.7348912,,240222_H_W1D2,0.628605918,0.069403775,0.502800168,0.818407733,0.340941413,0.094643492,0.492562272,0.505857898,0.494507645,1.891693331,1.25480271,1.380437232,19.53899102,1.03396767,0.614363902,13.54132268,0.008053236,394.8834287,Group002Sample0005,run1,240222_H_W1D2,W1,D2,H
240222_H_W1D3,240222,H,1,3,505.5400601,482.4923073,,240222_H_W1D3,0.545085365,0.060742971,0.450904772,0.69079655,0.251652011,0.025226937,0.464082633,0.458112713,0.470350988,1.525967441,0.911620557,1.345139372,17.0067334,1.029198071,0.65273165,10.4773292,0.008514402,280.1481575,Group002Sample0006,run1,240222_H_W1D3,W1,D3,H
240222_H_W1D4,240222,H,1,4,717.9340088,69.00911707,,240222_H_W1D4,0.68991754,0.192680165,0.550516835,0.905684915,0.626332635,0.083859704,0.527892711,0.551357455,0.527188476,2.130085313,2.330604676,1.398140233,12.20381649,1.035568628,0.60784587,26.63901608,0.012587496,607.5541006,Group001Sample0001,run3,240222_H_W1D4,W1,D4,H
240222_H_W2D2,240222,H,2,2,836.6614768,445.2244283,,240222_H_W2D2,0.599625679,0.134810251,0.485716513,0.774311435,0.458145154,0.101726048,0.483741401,0.490553923,0.487297711,1.75601392,1.501918774,1.369537299,14.07819734,1.031847198,0.627288311,19.42103235,0.011759296,423.4245427,Group002Sample0007,run1,240222_H_W2D2,W2,D2,H
240222_H_W2D3,240222,H,2,3,646.6642244,438.3705655,,240222_H_W2D3,0.568206859,0.073085514,0.465393081,0.72452481,0.303375709,0.030204707,0.473515951,0.472201007,0.478513305,1.619842661,1.086674402,1.352664197,17.81071217,1.031846967,0.642342504,12.50343366,0.008788101,333.9210093,Group003Sample0001,run1,240222_H_W2D3,W2,D3,H
240222_H_W3D2,240222,H,3,2,696.786199,297.116737,,240222_H_W3D2,0.613791999,0.077576358,0.494942784,0.795717053,0.36241835,0.081751819,0.487868328,0.499063144,0.490570108,1.815147808,1.429016446,1.375341819,17.78433044,1.033514597,0.622008517,14.66805741,0.008575153,425.6755143,Group003Sample0002,run1,240222_H_W3D2,W3,D2,H
240222_H_W3D3,240222,H,3,3,717.1014179,409.7771067,,240222_H_W3D3,0.631524581,0.079713958,0.505735669,0.824272204,0.410666672,0.043861602,0.493636174,0.507971845,0.494891932,1.903171284,1.477715038,1.385638613,17.80407137,1.034122267,0.613554195,16.32079557,0.009145822,447.2632383,Group003Sample0003,run1,240222_H_W3D3,W3,D3,H
240222_H_W3D4,240222,H,3,4,409.2092884,184.2421841,,240222_H_W3D4,0.544737998,0.057423436,0.4516253,0.688099301,0.258819818,0.042377473,0.465694254,0.460200582,0.472144739,1.501836704,0.969105362,1.345044644,18.41196585,1.02982883,0.656337391,10.50287145,0.008105069,297.9584229,Group003Sample0004,run1,240222_H_W3D4,W3,D4,H
240222_H_W4D1,240222,H,4,1,116.6368322,125.3036047,,240222_H_W4D1,0.213623328,0.026007655,0.205555004,0.2273723,0.074861724,0.006794242,0.09877014,0.166962148,0.07525475,0.257450075,0.240662286,0.746176847,8.964348025,1.446350761,0.904045937,3.180045807,0.012543446,52.90804028,Group003Sample0005,run1,240222_H_W4D1,W4,D1,H
240222_H_W4D2,240222,H,4,2,135.3701283,150.829603,,240222_H_W4D2,0.291536706,0.023094236,0.284805498,0.306071079,0.063746389,0.004485921,0.140516298,0.235165495,0.105551416,0.359901004,0.286193374,0.712161167,13.58034784,1.442208196,0.930520774,2.751603263,0.007972231,67.73478372,Group003Sample0006,run1,240222_H_W4D2,W4,D2,H
240222_H_W4D3,240222,H,4,3,220.4609223,219.9036889,,240222_H_W4D3,0.511263335,0.030431679,0.43106863,0.636189214,0.13265439,0.001462535,0.321209367,0.442016919,0.240673765,0.809747992,0.487778933,0.75493573,15.06469125,1.278215421,0.677579282,5.363509917,0.007374052,139.6065447,Group003Sample0007,run1,240222_H_W4D3,W4,D3,H
240222_H_W4D4,240222,H,4,4,238.3616275,246.5694989,,240222_H_W4D4,0.487425379,0.035454328,0.410979466,0.607697408,0.148177611,0.026694362,0.333019724,0.420999817,0.249478377,0.836277907,0.558902203,0.807178972,14.21619186,1.174379097,0.676289649,5.82330808,0.007883414,143.9577544,Group004Sample0001,run1,240222_H_W4D4,W4,D4,H
250222_H_MQ,250222,H,MQ,,1.476461266,0,,,,,,,,,,,,,,,,,,,,,,,,,,
250222_H_W1D2,250222,H,1,2,722.4299999,345.2008682,,250222_H_W1D2,0.599715238,0.061984233,0.478763632,0.780914283,0.2867979,0.036135459,0.468434927,0.480527506,0.470359644,1.80338127,1.168886509,1.38043677,20.96821893,1.034672154,0.613080901,11.82350902,0.00742678,371.9012326,Group004Sample0003,run1,250222_H_W1D2,W1,D2,H
250222_H_W1D3,250222,H,1,3,514.4487832,480.3504751,,250222_H_W1D3,0.519487103,0.057790657,0.429431965,0.657857832,0.230071274,0.058164511,0.442749212,0.436916344,0.448461819,1.454010514,0.808642627,1.341990787,18.11890406,1.030641852,0.652773205,9.393517134,0.008049161,264.2678522,Group004Sample0004,run1,250222_H_W1D3,W1,D3,H
250222_H_W1D4,250222,H,1,4,659.3196067,68.19522086,,250222_H_W1D4,0.606371516,0.14614233,0.487012538,0.791007982,0.524541307,0.102111011,0.475694839,0.489718927,0.476276168,1.838979583,1.971351549,1.387157616,12.79727368,1.034664223,0.615685996,22.17339883,0.012172363,517.9839173,Group004Sample0005,run1,250222_H_W1D4,W1,D4,H
250222_H_W2D2,250222,H,2,2,693.6223534,326.5644299,,250222_H_W2D2,0.563625503,0.100884398,0.457665059,0.724738754,0.366149916,0.038752227,0.457821668,0.462719037,0.461542146,1.634496287,1.263266485,1.363328661,16.55825833,1.033552113,0.631489701,14.68403434,0.009757551,368.2051596,Group004Sample0006,run1,250222_H_W2D2,W2,D2,H
250222_H_W2D3,250222,H,2,3,631.0115147,345.3411582,,250222_H_W2D3,0.53781923,0.06885464,0.440923001,0.686251894,0.292694703,0.030642943,0.448693091,0.447341268,0.453834815,1.534986404,1.037895086,1.353446867,17.41378807,1.03104725,0.642508975,11.98960468,0.008925853,315.9152889,Group004Sample0007,run1,250222_H_W2D3,W2,D3,H
250222_H_W3D2,250222,H,3,2,706.8605493,263.5231711,,250222_H_W3D2,0.573738919,0.062802153,0.462212476,0.743473289,0.309247359,0.064051112,0.458007629,0.46667302,0.460562452,1.690780653,1.283067789,1.372405875,19.20319369,1.033354654,0.621693454,12.62806494,0.007955134,389.2414288,Group005Sample0001,run1,250222_H_W3D2,W3,D2,H
250222_H_W3D3,250222,H,3,3,708.9095556,386.7524113,,250222_H_W3D3,0.589209372,0.068804129,0.472080479,0.766473331,0.319533843,0.047261747,0.463260226,0.475186467,0.465042191,1.767187547,1.289020663,1.380463586,19.58413881,1.03478688,0.615912466,13.05274146,0.007962302,403.0815875,Group005Sample0002,run1,250222_H_W3D3,W3,D3,H
250222_H_W3D4,250222,H,3,4,396.3132873,130.5999986,,250222_H_W3D4,0.512378483,0.054070873,0.424740719,0.647306575,0.227681447,0.032568712,0.438421262,0.432987999,0.44438689,1.414170761,0.943574018,1.345619912,19.59603144,1.030366219,0.656166235,9.380534494,0.007689155,279.8105643,Group005Sample0003,run1,250222_H_W3D4,W3,D4,H
250222_H_W4D1,250222,H,4,1,152.2559052,160.2536643,,250222_H_W4D1,0.304541367,0.020683595,0.301320125,0.322131651,0.057249496,0.011577847,0.145480675,0.246559746,0.109492594,0.364901186,0.289372589,0.733067364,15.09931998,1.460681323,0.935394345,2.575819362,0.007221511,69.80607568,Group005Sample0004,run1,250222_H_W4D1,W4,D1,H
250222_H_W4D2,250222,H,4,2,177.8830543,196.6648104,,250222_H_W4D2,0.432433323,0.022742911,0.401407308,0.442604462,0.076369284,0,0.213834543,0.354670529,0.161490975,0.545327952,0.374588057,0.697909045,16.63431944,1.409889754,0.906921061,3.30829737,0.006475656,96.96137157,Group005Sample0005,run1,250222_H_W4D2,W4,D2,H
250222_H_W4D3,250222,H,4,3,266.8037666,230.7199412,,250222_H_W4D3,0.483072831,0.031174641,0.406814025,0.602013144,0.112186458,0,0.310686003,0.41696949,0.237876464,0.821467491,0.493732833,0.791384147,17.10998789,1.152091817,0.675756051,4.727345364,0.00650235,140.3047044,Group005Sample0006,run1,250222_H_W4D3,W4,D3,H
250222_H_W4D4,250222,H,4,4,242.4504817,242.3929262,,250222_H_W4D4,0.483520148,0.032254943,0.406875338,0.603317877,0.124015507,0.036966126,0.360126408,0.41715858,0.273113809,0.912803911,0.551613439,0.869748979,17.235321,1.057786058,0.67439629,5.15906498,0.006593541,152.3514024,Group005Sample0007,run1,250222_H_W4D4,W4,D4,H
250222_L_SW,250222,L,Seawater,1,81.51689743,22.52731431,,250222_L_SW,0.067373172,0.023970067,0.060017636,0.072716948,0.032382951,0.003793746,0.028217955,0.046476777,0.021600477,0.079797198,0.084449086,0.759924222,5.122869744,1.482333455,0.825359675,1.719827033,0.021329609,18.9475286,Group001Sample0001,run2,250222_L_SW,250222_L_SW,250222_L_SW,L
250222_L_W1D2,250222,L,1,2,697.669578,339.7391962,,250222_L_W1D2,0.614244261,0.063812184,0.490281528,0.80091413,0.3016969,0.041225225,0.479476703,0.492287278,0.481744646,1.854045958,1.165317044,1.382877718,20.81892519,1.034297154,0.612152426,12.20135739,0.007491335,379.9520492,Group006Sample0001,run1,250222_L_W1D2,W1,D2,L
250222_L_W1D3,250222,L,1,3,508.088621,477.0306353,,250222_L_W1D3,0.532241397,0.06412997,0.43929601,0.6745363,0.292824798,0.070919373,0.452829821,0.446928563,0.459622611,1.49153935,0.948208734,1.346348259,15.08637953,1.030565267,0.651256293,11.55710725,0.009654576,275.5597429,Group006Sample0002,run1,250222_L_W1D3,W1,D3,L
250222_L_W1D4,250222,L,1,4,644.7438534,70.40916133,,250222_L_W1D4,0.62352876,0.141123232,0.502168989,0.810335078,0.541201654,0.086061031,0.491011255,0.505423651,0.491480958,1.880391786,2.061626667,1.387702316,12.33744633,1.033776671,0.619705358,22.85823855,0.012340387,525.6159819,Group001Sample0003,run3,250222_L_W1D4,W1,D4,L
250222_L_W2D2,250222,L,2,2,658.3296561,403.1374271,,250222_L_W2D2,0.584741584,0.100297781,0.472975602,0.755834024,0.411647169,0.081691655,0.470697929,0.477564417,0.474422908,1.713630462,1.370694307,1.37126428,15.17373156,1.033535504,0.625766487,16.77086615,0.010609214,390.8490877,Group006Sample0003,run1,250222_L_W2D2,W2,D2,L
250222_L_W2D3,250222,L,2,3,608.3741997,454.9697645,,250222_L_W2D3,0.553420224,0.069031951,0.452375498,0.706587174,0.289817543,0.030181042,0.459696483,0.458931005,0.465125083,1.585096264,1.018030165,1.355737181,17.93077948,1.031485728,0.640226026,11.89978782,0.008669266,321.534346,Group006Sample0004,run1,250222_L_W2D3,W2,D3,L
250222_L_W3D2,250222,L,3,2,588.766683,270.8792935,,250222_L_W3D2,0.572388137,0.064703054,0.465305834,0.736384271,0.31633509,0.042529379,0.466343925,0.470989358,0.470887474,1.652782606,1.217256113,1.366643867,18.42407524,1.033510055,0.631879105,12.76653884,0.008304524,373.4469031,Group006Sample0005,run1,250222_L_W3D2,W3,D2,L
250222_L_W3D3,250222,L,3,3,764.8596668,395.7481063,,250222_L_W3D3,0.61691061,0.068526305,0.492787512,0.805476954,0.342004371,0.045895842,0.480950428,0.49504501,0.482936237,1.865328083,1.382545292,1.385565958,19.3505236,1.034834347,0.611795918,13.9070236,0.008013631,431.0390186,Group006Sample0006,run1,250222_L_W3D3,W3,D3,L
250222_L_W3D4,250222,L,3,4,417.5443563,156.3983665,,250222_L_W3D4,0.532276185,0.064007381,0.440716492,0.674151293,0.284885117,0.043097595,0.453783894,0.448985636,0.460470678,1.476722211,1.019502106,1.349073579,17.26818822,1.0307413,0.653735291,11.46665017,0.008871731,305.4137693,Group006Sample0007,run1,250222_L_W3D4,W3,D4,L
250222_L_W4D2,250222,L,4,2,144.1506324,174.2826647,,250222_L_W4D2,0.374946941,0.024486139,0.365743424,0.391839205,0.110208778,0.017323807,0.176073186,0.300529387,0.130215357,0.455583181,0.354878479,0.723861767,11.37439765,1.452980382,0.933401812,4.38564248,0.009977,88.68466995,Group007Sample0001,run1,250222_L_W4D2,W4,D2,L
250222_L_W4D3,250222,L,4,3,201.1123415,208.5519787,,250222_L_W4D3,0.50259421,0.04177021,0.423579589,0.608631284,0.21792498,0.049119881,0.295159916,0.434338666,0.220921227,0.756117833,0.526894952,0.737209298,11.10094571,1.342265791,0.695954349,7.947282624,0.011444546,137.7172871,Group007Sample0002,run1,250222_L_W4D3,W4,D3,L
250222_L_W4D4,250222,L,4,4,241.0767066,229.0064755,,250222_L_W4D4,0.50572528,0.035464036,0.424717041,0.630749143,0.192044139,0.048082972,0.36002725,0.435419174,0.269787747,0.92605743,0.631679615,0.8673154,12.60246724,1.10263086,0.673353339,7.422605809,0.009186234,164.3798732,Group007Sample0003,run1,250222_L_W4D4,W4,D4,L
270222_H_SW,270222,H,Seawater,1,76.65664782,18.4268957,,270222_H_SW,0.041404807,0.021730923,0.0363856,0.045711276,0.025864394,0.021195632,0.01699061,0.028449288,0.012593126,0.049262863,0.049152007,0.825725602,3.932751063,1.544644329,0.795987397,1.40110915,0.02832028,12.0405403,Group009Sample0001,run1,270222_H_SW,270222_H_SW,270222_H_SW,H
270222_H_W1D1,270222,H,1,1,801.7018159,410.5267479,,270222_H_W1D1,0.619047133,0.153447637,0.494911369,0.807858836,0.619838983,0.131162298,0.485306986,0.497760746,0.487751737,1.86266625,1.668983235,1.379404004,12.38721171,1.034509955,0.6126211,24.24121698,0.013904891,454.4406349,Group007Sample0004,run1,270222_H_W1D1,W1,D1,H
270222_H_W1D2,270222,H,1,2,689.302039,415.5600534,,270222_H_W1D2,0.606271042,0.067131405,0.485688476,0.788532575,0.330546595,0.058305827,0.478896903,0.487757511,0.481451598,1.823905172,1.128069084,1.377547349,19.20442604,1.034141006,0.615939647,13.09280916,0.008282597,366.0111694,Group007Sample0005,run1,270222_H_W1D2,W1,D2,H
270222_H_W1D3,270222,H,1,3,520.8272624,549.2103779,,270222_H_W1D3,0.538414474,0.065629658,0.444412794,0.682973233,0.293072062,0.077020724,0.457616346,0.451926035,0.464330253,1.511566158,0.927392735,1.34613062,14.85040142,1.030591774,0.650703091,11.90882433,0.009796429,282.7425728,Group007Sample0006,run1,270222_H_W1D3,W1,D3,H
270222_H_W1D4,270222,H,1,4,672.718909,70.40916133,,270222_H_W1D4,0.624224985,0.141231854,0.502352248,0.811965163,0.53799614,0.097278156,0.490547628,0.504710243,0.491557758,1.89539873,1.940259354,1.385738961,12.76109752,1.033302423,0.618686948,22.44418088,0.012412362,513.5878937,Group001Sample0002,run3,270222_H_W1D4,W1,D4,H
270222_H_W2D1,270222,H,2,1,751.2468049,449.2939093,,270222_H_W2D1,0.612179156,0.121413864,0.491261461,0.798155479,0.439990033,0.065718303,0.482988607,0.494273631,0.485928921,1.829614803,1.490371889,1.378667211,14.89259601,1.035238246,0.615495946,18.82463021,0.011056186,430.6283058,Group007Sample0007,run1,270222_H_W2D1,W2,D1,H
270222_H_W2D2,270222,H,2,2,641.5945782,459.1463371,,270222_H_W2D2,0.590475118,0.077031822,0.477613115,0.763023906,0.337808756,0.061525261,0.475507686,0.482053653,0.479337374,1.738904373,1.242447329,1.369224899,18.11709626,1.03361817,0.625947773,13.9126403,0.008889492,377.7787587,Group008Sample0001,run1,270222_H_W2D2,W2,D2,H
270222_H_W2D3,270222,H,2,3,392.6654983,324.6214312,,270222_H_W2D3,0.516561978,0.043196513,0.431576432,0.648701602,0.174385222,0.045477797,0.451774927,0.440804304,0.357126677,1.205290418,0.650109778,1.088225267,17.28117815,1.030343167,0.665292687,7.176810999,0.007439284,200.7230003,Group008Sample0002,run1,270222_H_W2D3,W2,D3,H
270222_H_W3D1,270222,H,3,1,671.9164995,285.3188117,,270222_H_W3D1,0.544606359,0.114213373,0.449518635,0.690837382,0.408059502,0.116070467,0.461715479,0.457528132,0.467700546,1.516639787,1.250185306,1.349703945,11.94862259,1.030712701,0.65068661,16.16219652,0.0122453,318.0488089,Group008Sample0003,run1,270222_H_W3D1,W3,D1,H
270222_H_W3D2,270222,H,3,2,647.3134372,386.6274711,,270222_H_W3D2,0.577198687,0.064564772,0.468850075,0.741946848,0.316282691,0.088535639,0.470807826,0.473962808,0.474907865,1.677715656,1.222426405,1.364618684,19.02928493,1.032741343,0.631918683,12.77230478,0.008319602,378.591813,Group008Sample0004,run1,270222_H_W3D2,W3,D2,H
270222_H_W3D3,270222,H,3,3,383.2988502,253.7267879,,270222_H_W3D3,0.521104545,0.045817224,0.434990448,0.655429475,0.184363911,0.029623367,0.454072691,0.444488609,0.392923813,1.364275276,0.70794814,1.126902243,17.75359821,1.029754307,0.663672393,7.509771249,0.007255266,220.3147099,Group008Sample0005,run1,270222_H_W3D3,W3,D3,H
270222_H_W3D4,270222,H,3,4,452.9867118,75.1301163,,270222_H_W3D4,0.541563973,0.062781696,0.448313332,0.685491294,0.271980237,0.052018304,0.461245715,0.455606696,0.467225485,1.506236385,1.038977913,1.347270433,18.12218905,1.031529982,0.654002955,11.12746716,0.008532841,309.9884319,Group008Sample0006,run1,270222_H_W3D4,W3,D4,H
270222_H_W4D1,270222,H,4,1,84.97214983,25.75434137,,270222_H_W4D1,0.115294,0.026682729,0.104784505,0.124386142,0.040105889,0.007475372,0.051013938,0.084122254,0.040326583,0.14431158,0.115270172,0.748091463,7.853310319,1.412565905,0.842413018,1.990350584,0.014156763,30.64700111,Group001Sample0002,run2,270222_H_W4D1,W4,D1,H
270222_H_W4D2,270222,H,4,2,184.1264456,164.6265716,,270222_H_W4D2,0.234670011,0.031293502,0.223444683,0.244354299,0.0597482,0.023797865,0.108874846,0.183289414,0.081566273,0.281586846,0.236592724,0.733988207,11.02849051,1.456710942,0.914429105,2.741334286,0.009966855,55.34801356,Group008Sample0007,run1,270222_H_W4D2,W4,D2,H
270222_H_W4D3,270222,H,4,3,169.5519412,147.2777314,,270222_H_W4D3,0.491399743,0.040137581,0.419267208,0.50418582,0.11569842,0.019502022,0.226176748,0.39215533,0.166071821,0.603033814,0.43963459,0.690208176,13.6545912,1.430530662,0.831572787,4.75987134,0.008380565,112.3400253,Group001Sample0003,run2,270222_H_W4D3,W4,D3,H
270222_H_W4D4,270222,H,4,4,220.4440624,172.2300756,,270222_H_W4D4,0.500654836,0.032882379,0.422396036,0.624150281,0.124280948,0.011036703,0.331098047,0.433127224,0.244404822,0.860391347,0.543004135,0.823449005,16.79469899,1.19167081,0.676753739,5.12035252,0.006785971,149.037221,Group001Sample0004,run2,270222_H_W4D4,W4,D4,H
270222_L_W1D1,270222,L,1,1,812.4162205,422.824434,,270222_L_W1D1,0.615702245,0.144898813,0.493858926,0.801576459,0.641109195,0.151505628,0.486257732,0.49664463,0.488138372,1.842416308,1.784358627,1.379061051,11.58025729,1.034577696,0.616109568,25.25396651,0.014501086,462.0182273,Group009Sample0002,run1,270222_L_W1D1,W1,D1,L
270222_L_W1D2,270222,L,1,2,706.2608757,451.6320761,,270222_L_W1D2,0.596790501,0.072888518,0.480234701,0.773527955,0.348271984,0.096235776,0.477001148,0.484360997,0.479682244,1.770880191,1.178298158,1.374141074,18.46041767,1.034419258,0.620836905,13.74118326,0.008842829,362.2215922,Group009Sample0003,run1,270222_L_W1D2,W1,D2,L
270222_L_W1D3,270222,L,1,3,586.867335,475.7276875,,270222_L_W1D3,0.54231026,0.062458239,0.446724888,0.688512509,0.273983915,0.046217796,0.459126214,0.454005942,0.464896294,1.52857195,0.927802188,1.347622443,16.75212343,1.02951202,0.648826104,11.07951849,0.008975872,281.9786586,Group009Sample0004,run1,270222_L_W1D3,W1,D3,L
270222_L_W1D4,270222,L,1,4,719.374183,94.70646191,,270222_L_W1D4,0.608506132,0.124650141,0.490379809,0.790363016,0.499459707,0.094614291,0.483648241,0.493334292,0.485912943,1.846121535,1.880450575,1.378689914,13.51077365,1.033499491,0.62044883,20.87492041,0.0118878,488.1093673,Group009Sample0005,run1,270222_L_W1D4,W1,D4,L
270222_L_W2D1,270222,L,2,1,796.9300291,431.4988541,,270222_L_W2D1,0.615169091,0.110470947,0.49299712,0.801058476,0.439463121,0.076199553,0.484536567,0.496817738,0.486866215,1.834908241,1.51950306,1.380730912,15.08939313,1.034892573,0.615432124,18.41784514,0.010706483,429.0420997,Group009Sample0006,run1,270222_L_W2D1,W2,D1,L
270222_L_W2D2,270222,L,2,2,686.1538045,379.2381503,,270222_L_W2D2,0.590366195,0.068284127,0.477288396,0.762074274,0.310662843,0.042248149,0.475527204,0.481906829,0.478627039,1.729757038,1.123218884,1.371773564,19.17830115,1.033170697,0.626301677,12.76891393,0.00821845,364.5010365,Group009Sample0007,run1,270222_L_W2D2,W2,D2,L
270222_L_W2D3,270222,L,2,3,444.8689502,231.665917,,270222_L_W2D3,0.522992604,0.041969586,0.437361994,0.655384743,0.173310788,0.048870829,0.458216582,0.447042013,0.388377517,1.252035631,0.652768838,1.084427346,17.92461183,1.028685433,0.667336246,7.013018437,0.007099085,202.1013669,Group010Sample0001,run1,270222_L_W2D3,W2,D3,L
270222_L_W3D1,270222,L,3,1,539.909206,249.8714901,,270222_L_W3D1,0.519418227,0.164929667,0.433964703,0.652953614,0.369945355,0.076286139,0.45094383,0.443223844,0.386470274,1.354801419,0.859131171,1.081623899,5.929949119,1.030123073,0.664617966,19.09129006,0.018201625,239.0293782,Group001Sample0005,run2,270222_L_W3D1,W3,D1,L
270222_L_W3D2,270222,L,3,2,572.3802526,284.4620789,,270222_L_W3D2,0.544426265,0.10154383,0.449792171,0.69105529,0.329796356,0.048297861,0.459215943,0.457492559,0.46519208,1.519028447,1.010502191,1.330393646,11.44546361,1.029979318,0.650877256,14.78006259,0.011485223,297.8690507,Group001Sample0006,run2,270222_L_W3D2,W3,D2,L
270222_L_W3D3,270222,L,3,3,459.9804757,299.7761785,,270222_L_W3D3,0.531158819,0.058884909,0.440758416,0.670628055,0.243158834,0.043642393,0.454033097,0.449032607,0.460548814,1.463503904,0.939807212,1.344134421,16.89307391,1.029807251,0.657232295,9.94977233,0.008138689,278.2544247,Group001Sample0007,run2,270222_L_W3D3,W3,D3,L
270222_L_W3D4,270222,L,3,4,366.7417386,66.25400701,,270222_L_W3D4,0.538336374,0.065814202,0.447569787,0.679066373,0.270250799,0.048466584,0.461279319,0.455644854,0.468398582,1.482406294,1.0185055,1.345338567,17.9468808,1.029885899,0.659095789,10.99059058,0.00854983,297.1979503,Group002Sample0001,run2,270222_L_W3D4,W3,D4,L
270222_L_W4D1,270222,L,4,1,79.26057599,30.0522845,,270222_L_W4D1,0.093428465,0.021522736,0.084696999,0.097210464,0.036592537,0.000716013,0.042103376,0.068392938,0.034271942,0.115458157,0.098866029,0.737843926,7.044662535,1.392447102,0.8712745,1.772972435,0.015594004,24.13277261,Group002Sample0002,run2,270222_L_W4D1,W4,D1,L
270222_L_W4D2,270222,L,4,2,80.82584695,33.01515227,,270222_L_W4D2,0.099413018,0.021904383,0.091510774,0.102923141,0.060240108,0.009476662,0.045846961,0.074438806,0.038082091,0.126134304,0.128875047,0.73015786,5.700372209,1.369871562,0.889117575,2.481475599,0.020015662,26.88251902,Group002Sample0003,run2,270222_L_W4D2,W4,D2,L
270222_L_W4D3,270222,L,4,3,263.1559776,169.8740603,,270222_L_W4D3,0.256874625,0.023011386,0.241311136,0.260824607,0.048869046,0.026175791,0.118708612,0.199803395,0.089557379,0.315322566,0.189880899,0.674344716,15.15396272,1.402183568,0.925185468,2.176635395,0.007335893,56.76589542,Group010Sample0002,run1,270222_L_W4D3,W4,D3,L
270222_L_W4D4,270222,L,4,4,307.4914451,237.7701386,,270222_L_W4D4,0.405494894,0.024796471,0.379168344,0.404406947,0.082193387,0.020399526,0.187233916,0.307907874,0.142137064,0.502816545,0.329180685,0.65361598,15.03766789,1.393296946,0.937591076,3.443571148,0.007339097,88.62394552,Group010Sample0003,run1,270222_L_W4D4,W4,D4,L